Workbook

Sheet raw_data_full
B2: Student_# | C2: Assessment_Only_Weighted_Score | D2: Traditional_Weighted_Score | E2: Change_from_Assessment_Only_to_Traditional | F2: Disability | G2: Race | H2: FRL | I2: Gender | M2: Average_Change | O2: Disability | P2: Average_Change | R2: Race | S2: Average_Change | U2: FRL | V2: Average_Change | X2: Gender | Y2: Average_Change
B3: 1 | C3: 68.53 | D3: 70.445 | E3: =D3-C3 -> 1.915 | F3: No | G3: White | H3: Yes | I3: Male | K3: Disability | L3: No | M3: =P3 -> 1.9153677 | O3: No | P3: =sort_disability!L5 -> 1.9153677 | R3: White | S3: =sort_race!L9 -> 1.6750058 | U3: No | V3: =sort_FRL!L16 -> 2.1898676 | X3: Male | Y3: =sort_gender!L20 -> 0.086389222
B4: 2 | C4: 97.81 | D4: 98.467 | E4: =D4-C4 -> 0.657 | F4: No | G4: White | H4: No | I4: Male | L4: Yes | M4: =P4 -> -0.72764706 | O4: Yes | P4: =sort_disability!L6 -> -0.72764706 | R4: Black | S4: =sort_race!L10 -> 1.7415328 | U4: Yes | V4: =sort_FRL!L17 -> 1.2998941 | X4: Female | Y4: =sort_gender!L21 -> 2.7707343
B5: 3 | C5: 59.96 | D5: 69.145 | E5: =D5-C5 -> 9.185 | F5: No | G5: Black | H5: Yes | I5: Female | K5: Race | L5: White | M5: =S3 -> 1.6750058 | R5: Hispanic | S5: =sort_race!L11 -> 0.38771591
B6: 4 | C6: 59.17 | D6: 64.913 | E6: =D6-C6 -> 5.743 | F6: No | G6: Black | H6: Yes | I6: Female | L6: Black | M6: =S4 -> 1.7415328 | R6: Asian | S6: =sort_race!L12 -> 4.8269
B7: 5 | C7: 53.4 | D7: 61.743 | E7: =D7-C7 -> 8.343 | F7: No | G7: White | H7: Yes | I7: Male | L7: Hispanic | M7: =S5 -> 0.38771591 | R7: Other | S7: =sort_race!L13 -> 1.0943333
B8: 6 | C8: 57.6 | D8: 52.492 | E8: =D8-C8 -> -5.108 | F8: No | G8: White | H8: Yes | I8: Female | L8: Asian | M8: =S6 -> 4.8269
B9: 7 | C9: 76.92 | D9: 75.881 | E9: =D9-C9 -> -1.039 | F9: No | G9: Asian | H9: No | I9: Female | L9: Other | M9: =S7 -> 1.0943333
B10: 8 | C10: 95.1 | D10: 96.57 | E10: =D10-C10 -> 1.47 | F10: No | G10: White | H10: No | I10: Male | K10: FRL | L10: No | M10: =V3 -> 2.1898676
B11: 9 | C11: 54.54 | D11: 48.084 | E11: =D11-C11 -> -6.456 | F11: No | G11: Black | H11: Yes | I11: Male | L11: Yes | M11: =V4 -> 1.2998941
B12: 10 | C12: 99.3 | D12: 99.451 | E12: =D12-C12 -> 0.151 | F12: No | G12: White | H12: No | I12: Male | K12: Gender | L12: Male | M12: =Y3 -> 0.086389222
B13: 11 | C13: 86.53 | D13: 89.45 | E13: =D13-C13 -> 2.92 | F13: No | G13: White | H13: Yes | I13: Female | L13: Female | M13: =Y4 -> 2.7707343
B14: 12 | C14: 60.57 | D14: 68.176 | E14: =D14-C14 -> 7.606 | F14: No | G14: White | H14: Yes | I14: Male
B15: 13 | C15: 68.88 | D15: 70.889 | E15: =D15-C15 -> 2.009 | F15: No | G15: White | H15: No | I15: Female
B16: 14 | C16: 60.57 | D16: 71.191 | E16: =D16-C16 -> 10.621 | F16: No | G16: White | H16: No | I16: Male
B17: 15 | C17: 52.27 | D17: 62.324 | E17: =D17-C17 -> 10.054 | F17: No | G17: Black | H17: Yes | I17: Female
B18: 16 | C18: 65.03 | D18: 72.001 | E18: =D18-C18 -> 6.971 | F18: No | G18: Black | H18: Yes | I18: Female
B19: 17 | C19: 59.26 | D19: 61.503 | E19: =D19-C19 -> 2.243 | F19: No | G19: White | H19: No | I19: Female
B20: 18 | C20: 80.24 | D20: 85.193 | E20: =D20-C20 -> 4.953 | F20: No | G20: White | H20: Yes | I20: Male
B21: 19 | C21: 79.72 | D21: 73.017 | E21: =D21-C21 -> -6.703 | F21: No | G21: White | H21: Yes | I21: Male
B22: 20 | C22: 60.31 | D22: 66.877 | E22: =D22-C22 -> 6.567 | F22: No | G22: White | H22: No | I22: Female
B23: 21 | C23: 54.72 | D23: 53.761 | E23: =D23-C23 -> -0.959 | F23: No | G23: White | H23: Yes | I23: Male
B24: 22 | C24: 53.84 | D24: 57.717 | E24: =D24-C24 -> 3.877 | F24: Yes | G24: White | H24: Yes | I24: Female
B25: 23 | C25: 24.12 | D25: 32.248 | E25: =D25-C25 -> 8.128 | F25: No | G25: White | H25: Yes | I25: Female
... B735: 779 | C735: 91 | D735: 81.244 | E735: =D735-C735 -> -9.756 | F735: No | G735: Black | H735: Yes | I735: Male

Sheet convert_quantitative
B2: Student_# | C2: Assessment_Only_Weighted_Score | D2: Traditional_Weighted_Score | E2: Change_from_Assessment_Only_to_Traditional | F2: Disability | G2: Race | H2: FRL | I2: Gender | K2: Disability | L2: Race | M2: FRL | N2: Gender
B3: 1 | C3: 68.53 | D3: 70.445 | E3: =D3-C3 -> 1.915 | F3: 0 | G3: 0 | H3: 1 | I3: 0 | K3: 0=No | L3: 0=White | M3: 0=No | N3: 0=Male
B4: 2 | C4: 97.81 | D4: 98.467 | E4: =D4-C4 -> 0.657 | F4: 0 | G4: 0 | H4: 0 | I4: 0 | K4: 1=Yes | L4: 1=Black | M4: 1=Yes | N4: 1=Female
B5: 3 | C5: 59.96 | D5: 69.145 | E5: =D5-C5 -> 9.185 | F5: 0 | G5: 1 | H5: 1 | I5: 1 | L5: 2=Hispanic
B6: 4 | C6: 59.17 | D6: 64.913 | E6: =D6-C6 -> 5.743 | F6: 0 | G6: 1 | H6: 1 | I6: 1 | L6: 3=Asian
B7: 5 | C7: 53.4 | D7: 61.743 | E7: =D7-C7 -> 8.343 | F7: 0 | G7: 0 | H7: 1 | I7: 0 | L7: 4=Other
B8: 6 | C8: 57.6 | D8: 52.492 | E8: =D8-C8 -> -5.108 | F8: 0 | G8: 0 | H8: 1 | I8: 1
B9: 7 | C9: 76.92 | D9: 75.881 | E9: =D9-C9 -> -1.039 | F9: 0 | G9: 3 | H9: 0 | I9: 1
B10: 8 | C10: 95.1 | D10: 96.57 | E10: =D10-C10 -> 1.47 | F10: 0 | G10: 0 | H10: 0 | I10: 0
B11: 9 | C11: 54.54 | D11: 48.084 | E11: =D11-C11 -> -6.456 | F11: 0 | G11: 1 | H11: 1 | I11: 0
B12: 10 | C12: 99.3 | D12: 99.451 | E12: =D12-C12 -> 0.151 | F12: 0 | G12: 0 | H12: 0 | I12: 0
B13: 11 | C13: 86.53 | D13: 89.45 | E13: =D13-C13 -> 2.92 | F13: 0 | G13: 0 | H13: 1 | I13: 1
B14: 12 | C14: 60.57 | D14: 68.176 | E14: =D14-C14 -> 7.606 | F14: 0 | G14: 0 | H14: 1 | I14: 0
B15: 13 | C15: 68.88 | D15: 70.889 | E15: =D15-C15 -> 2.009 | F15: 0 | G15: 0 | H15: 0 | I15: 1
B16: 14 | C16: 60.57 | D16: 71.191 | E16: =D16-C16 -> 10.621 | F16: 0 | G16: 0 | H16: 0 | I16: 0
B17: 15 | C17: 52.27 | D17: 62.324 | E17: =D17-C17 -> 10.054 | F17: 0 | G17: 1 | H17: 1 | I17: 1
B18: 16 | C18: 65.03 | D18: 72.001 | E18: =D18-C18 -> 6.971 | F18: 0 | G18: 1 | H18: 1 | I18: 1
B19: 17 | C19: 59.26 | D19: 61.503 | E19: =D19-C19 -> 2.243 | F19: 0 | G19: 0 | H19: 0 | I19: 1
... B735: 779 | C735: 91 | D735: 81.244 | E735: =D735-C735 -> -9.756 | F735: 0 | G735: 1 | H735: 1 | I735: 0

Sheet sort_disability
B2: Student_# | C2: Assessment_Only_Weighted_Score | D2: Traditional_Weighted_Score | E2: Change_from_Assessment_Only_to_Traditional | F2: Disability | G2: Race | H2: FRL | I2: Gender
B3: 1 | C3: 68.53 | D3: 70.445 | E3: =D3-C3 -> 1.915 | F3: No | G3: White | H3: Yes | I3: Male
B4: 2 | C4: 97.81 | D4: 98.467 | E4: =D4-C4 -> 0.657 | F4: No | G4: White | H4: No | I4: Male | K4: Disability | L4: Average_Change
B5: 3 | C5: 59.96 | D5: 69.145 | E5: =D5-C5 -> 9.185 | F5: No | G5: Black | H5: Yes | I5: Female | K5: No | L5: =AVERAGE(E3:E633) -> 1.9153677
B6: 4 | C6: 59.17 | D6: 64.913 | E6: =D6-C6 -> 5.743 | F6: No | G6: Black | H6: Yes | I6: Female | K6: Yes | L6: =AVERAGE(E634:E735) -> -0.72764706
B7: 5 | C7: 53.4 | D7: 61.743 | E7: =D7-C7 -> 8.343 | F7: No | G7: White | H7: Yes | I7: Male
B8: 6 | C8: 57.6 | D8: 52.492 | E8: =D8-C8 -> -5.108 | F8: No | G8: White | H8: Yes | I8: Female
B9: 7 | C9: 76.92 | D9: 75.881 | E9: =D9-C9 -> -1.039 | F9: No | G9: Asian | H9: No | I9: Female
B10: 8 | C10: 95.1 | D10: 96.57 | E10: =D10-C10 -> 1.47 | F10: No | G10: White | H10: No | I10: Male
B11: 9 | C11: 54.54 | D11: 48.084 | E11: =D11-C11 -> -6.456 | F11: No | G11: Black | H11: Yes | I11: Male
B12: 10 | C12: 99.3 | D12: 99.451 | E12: =D12-C12 -> 0.151 | F12: No | G12: White | H12: No | I12: Male
B13: 11 | C13: 86.53 | D13: 89.45 | E13: =D13-C13 -> 2.92 | F13: No | G13: White | H13: Yes | I13: Female
B14: 12 | C14: 60.57 | D14: 68.176 | E14: =D14-C14 -> 7.606 | F14: No | G14: White | H14: Yes | I14: Male
B15: 13 | C15: 68.88 | D15: 70.889 | E15: =D15-C15 -> 2.009 | F15: No | G15: White | H15: No | I15: Female
B16: 14 | C16: 60.57 | D16: 71.191 | E16: =D16-C16 -> 10.621 | F16: No | G16: White | H16: No | I16: Male
B17: 15 | C17: 52.27 | D17: 62.324 | E17: =D17-C17 -> 10.054 | F17: No | G17: Black | H17: Yes | I17: Female
B18: 16 | C18: 65.03 | D18: 72.001 | E18: =D18-C18 -> 6.971 | F18: No | G18: Black | H18: Yes | I18: Female
... B735: 776 | C735: 3.4 | D735: 3.14 | E735: =D735-C735 -> -0.26 | F735: Yes | G735: White | H735: Yes | I735: Male

Sheet sort_race
B2: Student_# | C2: Assessment_Only_Weighted_Score | D2: Traditional_Weighted_Score | E2: Change_from_Assessment_Only_to_Traditional | F2: Disability | G2: Race | H2: FRL | I2: Gender
B3: 7 | C3: 76.92 | D3: 75.881 | E3: =D3-C3 -> -1.039 | F3: No | G3: Asian | H3: No | I3: Female
B4: 38 | C4: 35.83 | D4: 38.769 | E4: =D4-C4 -> 2.939 | F4: Yes | G4: Asian | H4: Yes | I4: Male
B5: 144 | C5: 62.37 | D5: 72.865 | E5: =D5-C5 -> 10.495 | F5: No | G5: Asian | H5: Yes | I5: Female
B6: 191 | C6: 47.26 | D6: 61.842 | E6: =D6-C6 -> 14.582 | F6: No | G6: Asian | H6: Yes | I6: Female | N6: `
B7: 293 | C7: 79.79 | D7: 85.451 | E7: =D7-C7 -> 5.661 | F7: No | G7: Asian | H7: No | I7: Female
B8: 338 | C8: 87.53 | D8: 91.152 | E8: =D8-C8 -> 3.622 | F8: No | G8: Asian | H8: No | I8: Female | K8: Race | L8: Average_Change
B9: 403 | C9: 87.67 | D9: 91.449 | E9: =D9-C9 -> 3.779 | F9: No | G9: Asian | H9: No | I9: Female | K9: White | L9: =AVERAGE(E393:E735) -> 1.6750058
B10: 446 | C10: 88.91 | D10: 91.332 | E10: =D10-C10 -> 2.422 | F10: No | G10: Asian | H10: No | I10: Female | K10: Black | L10: =AVERAGE(E13:E256) -> 1.7415328
B11: 508 | C11: 76.43 | D11: 80.687 | E11: =D11-C11 -> 4.257 | F11: No | G11: Asian | H11: No | I11: Female | K11: Hispanic | L11: =AVERAGE(E257:E344) -> 0.38771591
B12: 532 | C12: 72.99 | D12: 74.541 | E12: =D12-C12 -> 1.551 | F12: No | G12: Asian | H12: No | I12: Female | K12: Asian | L12: =AVERAGE(E3:E12) -> 4.8269
B13: 3 | C13: 59.96 | D13: 69.145 | E13: =D13-C13 -> 9.185 | F13: No | G13: Black | H13: Yes | I13: Female | K13: Other | L13: =AVERAGE(E345:E392) -> 1.0943333
B14: 4 | C14: 59.17 | D14: 64.913 | E14: =D14-C14 -> 5.743 | F14: No | G14: Black | H14: Yes | I14: Female
B15: 9 | C15: 54.54 | D15: 48.084 | E15: =D15-C15 -> -6.456 | F15: No | G15: Black | H15: Yes | I15: Male
B16: 15 | C16: 52.27 | D16: 62.324 | E16: =D16-C16 -> 10.054 | F16: No | G16: Black | H16: Yes | I16: Female
B17: 16 | C17: 65.03 | D17: 72.001 | E17: =D17-C17 -> 6.971 | F17: No | G17: Black | H17: Yes | I17: Female
B18: 28 | C18: 31.64 | D18: 37.381 | E18: =D18-C18 -> 5.741 | F18: No | G18: Black | H18: Yes | I18: Female
B19: 32 | C19: 8.04 | D19: 10.691 | E19: =D19-C19 -> 2.651 | F19: Yes | G19: Black | H19: Yes | I19: Female
B20: 33 | C20: 57.77 | D20: 63.03 | E20: =D20-C20 -> 5.26 | F20: No | G20: Black | H20: Yes | I20: Male
B21: 34 | C21: 85.31 | D21: 86.01 | E21: =D21-C21 -> 0.7 | F21: No | G21: Black | H21: Yes | I21: Female
B22: 43 | C22: 39.94 | D22: 54.132 | E22: =D22-C22 -> 14.192 | F22: Yes | G22: Black | H22: Yes | I22: Female
B23: 46 | C23: 53.4 | D23: 62.065 | E23: =D23-C23 -> 8.665 | F23: No | G23: Black | H23: Yes | I23: Female
B24: 96 | C24: 72.54 | D24: 77.226 | E24: =D24-C24 -> 4.686 | F24: No | G24: Black | H24: Yes | I24: Male
B25: 99 | C25: 52 | D25: 65.232 | E25: =D25-C25 -> 13.232 | F25: No | G25: Black | H25: Yes | I25: Female
... B735: 776 | C735: 3.4 | D735: 3.14 | E735: =D735-C735 -> -0.26 | F735: Yes | G735: White | H735: Yes | I735: Male

Sheet sort_FRL
B2: Student_# | C2: Assessment_Only_Weighted_Score | D2: Traditional_Weighted_Score | E2: Change_from_Assessment_Only_to_Traditional | F2: Disability | G2: Race | H2: FRL | I2: Gender
B3: 2 | C3: 97.81 | D3: 98.467 | E3: =D3-C3 -> 0.657 | F3: No | G3: White | H3: No | I3: Male
B4: 7 | C4: 76.92 | D4: 75.881 | E4: =D4-C4 -> -1.039 | F4: No | G4: Asian | H4: No | I4: Female
B5: 8 | C5: 95.1 | D5: 96.57 | E5: =D5-C5 -> 1.47 | F5: No | G5: White | H5: No | I5: Male
B6: 10 | C6: 99.3 | D6: 99.451 | E6: =D6-C6 -> 0.151 | F6: No | G6: White | H6: No | I6: Male | N6: `
B7: 13 | C7: 68.88 | D7: 70.889 | E7: =D7-C7 -> 2.009 | F7: No | G7: White | H7: No | I7: Female
B8: 14 | C8: 60.57 | D8: 71.191 | E8: =D8-C8 -> 10.621 | F8: No | G8: White | H8: No | I8: Male
B9: 17 | C9: 59.26 | D9: 61.503 | E9: =D9-C9 -> 2.243 | F9: No | G9: White | H9: No | I9: Female
B10: 20 | C10: 60.31 | D10: 66.877 | E10: =D10-C10 -> 6.567 | F10: No | G10: White | H10: No | I10: Female
B11: 25 | C11: 58.91 | D11: 57.591 | E11: =D11-C11 -> -1.319 | F11: No | G11: White | H11: No | I11: Male
B12: 27 | C12: 68.53 | D12: 67.719 | E12: =D12-C12 -> -0.811 | F12: Yes | G12: White | H12: No | I12: Male
B13: 29 | C13: 66.6 | D13: 71.983 | E13: =D13-C13 -> 5.383 | F13: No | G13: White | H13: No | I13: Male
B14: 35 | C14: 83.56 | D14: 87.128 | E14: =D14-C14 -> 3.568 | F14: No | G14: Other | H14: No | I14: Female
B15: 36 | C15: 90.03 | D15: 92.681 | E15: =D15-C15 -> 2.651 | F15: No | G15: White | H15: No | I15: Female | K15: FRL | L15: Average_Change
B16: 39 | C16: 60.13 | D16: 53.495 | E16: =D16-C16 -> -6.635 | F16: Yes | G16: White | H16: No | I16: Female | K16: No | L16: =AVERAGE(E3:E206) -> 2.1898676
B17: 44 | C17: 73.86 | D17: 77.284 | E17: =D17-C17 -> 3.424 | F17: No | G17: White | H17: No | I17: Female | K17: Yes | L17: =AVERAGE(E207:E735) -> 1.2998941
B18: 94 | C18: 72.9 | D18: 79.616 | E18: =D18-C18 -> 6.716 | F18: No | G18: White | H18: No | I18: Female
B19: 97 | C19: 54.18 | D19: 57.407 | E19: =D19-C19 -> 3.227 | F19: No | G19: White | H19: No | I19: Male
B20: 98 | C20: 68.54 | D20: 69.736 | E20: =D20-C20 -> 1.196 | F20: No | G20: White | H20: No | I20: Female
B21: 102 | C21: 68.36 | D21: 77.666 | E21: =D21-C21 -> 9.306 | F21: No | G21: White | H21: No | I21: Female
B22: 104 | C22: 62.54 | D22: 69.056 | E22: =D22-C22 -> 6.516 | F22: No | G22: White | H22: No | I22: Male
B23: 106 | C23: 72.72 | D23: 75.139 | E23: =D23-C23 -> 2.419 | F23: No | G23: White | H23: No | I23: Male
B24: 107 | C24: 74.36 | D24: 76.64 | E24: =D24-C24 -> 2.28 | F24: No | G24: White | H24: No | I24: Female
B25: 116 | C25: 72.64 | D25: 80.53 | E25: =D25-C25 -> 7.89 | F25: No | G25: White | H25: No | I25: Female
B26: 118 | C26: 65.96 | D26: 59.756 | E26: =D26-C26 -> -6.204 | F26: No | G26: Hispanic | H26: No | I26: Male
B27: 119 | C27: 51.6 | D27: 57.571 | E27: =D27-C27 -> 5.971 | F27: No | G27: Black | H27: No | I27: Male
B28: 126 | C28: 60.14 | D28: 70.369 | E28: =D28-C28 -> 10.229 | F28: No | G28: Other | H28: No | I28: Female
B29: 130 | C29: 40.47 | D29: 39.252 | E29: =D29-C29 -> -1.218 | F29: No | G29: White | H29: No | I29: Female
... B735: 779 | C735: 91 | D735: 81.244 | E735: =D735-C735 -> -9.756 | F735: No | G735: Black | H735: Yes | I735: Male

Sheet sort_gender
B2: Student_# | C2: Assessment_Only_Weighted_Score | D2: Traditional_Weighted_Score | E2: Change_from_Assessment_Only_to_Traditional | F2: Disability | G2: Race | H2: FRL | I2: Gender
B3: 3 | C3: 59.96 | D3: 69.145 | E3: =D3-C3 -> 9.185 | F3: No | G3: Black | H3: Yes | I3: Female
B4: 4 | C4: 59.17 | D4: 64.913 | E4: =D4-C4 -> 5.743 | F4: No | G4: Black | H4: Yes | I4: Female
B5: 6 | C5: 57.6 | D5: 52.492 | E5: =D5-C5 -> -5.108 | F5: No | G5: White | H5: Yes | I5: Female
B6: 7 | C6: 76.92 | D6: 75.881 | E6: =D6-C6 -> -1.039 | F6: No | G6: Asian | H6: No | I6: Female | N6: `
B7: 11 | C7: 86.53 | D7: 89.45 | E7: =D7-C7 -> 2.92 | F7: No | G7: White | H7: Yes | I7: Female
B8: 13 | C8: 68.88 | D8: 70.889 | E8: =D8-C8 -> 2.009 | F8: No | G8: White | H8: No | I8: Female
B9: 15 | C9: 52.27 | D9: 62.324 | E9: =D9-C9 -> 10.054 | F9: No | G9: Black | H9: Yes | I9: Female
B10: 16 | C10: 65.03 | D10: 72.001 | E10: =D10-C10 -> 6.971 | F10: No | G10: Black | H10: Yes | I10: Female
B11: 17 | C11: 59.26 | D11: 61.503 | E11: =D11-C11 -> 2.243 | F11: No | G11: White | H11: No | I11: Female
B12: 20 | C12: 60.31 | D12: 66.877 | E12: =D12-C12 -> 6.567 | F12: No | G12: White | H12: No | I12: Female
B13: 22 | C13: 53.84 | D13: 57.717 | E13: =D13-C13 -> 3.877 | F13: Yes | G13: White | H13: Yes | I13: Female
B14: 23 | C14: 24.12 | D14: 32.248 | E14: =D14-C14 -> 8.128 | F14: No | G14: White | H14: Yes | I14: Female
B15: 24 | C15: 74.47 | D15: 81.721 | E15: =D15-C15 -> 7.251 | F15: No | G15: Other | H15: Yes | I15: Female
B16: 28 | C16: 31.64 | D16: 37.381 | E16: =D16-C16 -> 5.741 | F16: No | G16: Black | H16: Yes | I16: Female
B17: 30 | C17: 85.83 | D17: 80.249 | E17: =D17-C17 -> -5.581 | F17: No | G17: White | H17: Yes | I17: Female
B18: 31 | C18: 51.57 | D18: 60.257 | E18: =D18-C18 -> 8.687 | F18: Yes | G18: Hispanic | H18: Yes | I18: Female
B19: 32 | C19: 8.04 | D19: 10.691 | E19: =D19-C19 -> 2.651 | F19: Yes | G19: Black | H19: Yes | I19: Female | K19: Gender | L19: Average_Change
B20: 34 | C20: 85.31 | D20: 86.01 | E20: =D20-C20 -> 0.7 | F20: No | G20: Black | H20: Yes | I20: Female | K20: Male | L20: =AVERAGE(E402:E735) -> 0.086389222
B21: 35 | C21: 83.56 | D21: 87.128 | E21: =D21-C21 -> 3.568 | F21: No | G21: Other | H21: No | I21: Female | K21: Female | L21: =AVERAGE(E3:E401) -> 2.7707343
B22: 36 | C22: 90.03 | D22: 92.681 | E22: =D22-C22 -> 2.651 | F22: No | G22: White | H22: No | I22: Female
B23: 39 | C23: 60.13 | D23: 53.495 | E23: =D23-C23 -> -6.635 | F23: Yes | G23: White | H23: No | I23: Female
B24: 42 | C24: 65.38 | D24: 57.45 | E24: =D24-C24 -> -7.93 | F24: No | G24: Hispanic | H24: Yes | I24: Female
B25: 43 | C25: 39.94 | D25: 54.132 | E25: =D25-C25 -> 14.192 | F25: Yes | G25: Black | H25: Yes | I25: Female
B26: 44 | C26: 73.86 | D26: 77.284 | E26: =D26-C26 -> 3.424 | F26: No | G26: White | H26: No | I26: Female
B27: 46 | C27: 53.4 | D27: 62.065 | E27: =D27-C27 -> 8.665 | F27: No | G27: Black | H27: Yes | I27: Female
B28: 94 | C28: 72.9 | D28: 79.616 | E28: =D28-C28 -> 6.716 | F28: No | G28: White | H28: No | I28: Female
B29: 98 | C29: 68.54 | D29: 69.736 | E29: =D29-C29 -> 1.196 | F29: No | G29: White | H29: No | I29: Female
B30: 99 | C30: 52 | D30: 65.232 | E30: =D30-C30 -> 13.232 | F30: No | G30: Black | H30: Yes | I30: Female
B31: 100 | C31: 60.72 | D31: 52.259 | E31: =D31-C31 -> -8.461 | F31: No | G31: White | H31: Yes | I31: Female
B32: 102 | C32: 68.36 | D32: 77.666 | E32: =D32-C32 -> 9.306 | F32: No | G32: White | H32: No | I32: Female
B33: 103 | C33: 29.27 | D33: 48.222 | E33: =D33-C33 -> 18.952 | F33: No | G33: White | H33: Yes | I33: Female
... B735: 779 | C735: 91 | D735: 81.244 | E735: =D735-C735 -> -9.756 | F735: No | G735: Black | H735: Yes | I735: Male

Sheet pivot_table_disability
A3: Row Labels | B3: Average of Change_from_Assessment_Only_to_Traditional | C3: Average of Assessment_Only_Weighted_Score | D3: Average of Traditional_Weighted_Score
A4: No | B4: 1.9153677 | C4: 68.583708 | D4: 70.499076
A5: Yes | B5: -0.72764706 | C5: 59.028824 | D5: 58.301176
A6: Grand Total | B6: 1.5475812 | C6: 67.254106 | D6: 68.801688

Sheet pivot_table_race
A3: Row Labels | B3: Average of Change_from_Assessment_Only_to_Traditional | C3: Average of Assessment_Only_Weighted_Score | D3: Average of Traditional_Weighted_Score
A4: White | B4: 1.6750058 | C4: 70.556531 | D4: 72.231536
A5: Other | B5: 1.0943333 | C5: 68.926875 | D5: 70.021208
A6: Hispanic | B6: 0.38771591 | C6: 64.879659 | D6: 65.267375
A7: Black | B7: 1.7415328 | C7: 62.962172 | D7: 64.703705
A8: Asian | B8: 4.8269 | C8: 71.57 | D8: 76.3969
A9: Grand Total | B9: 1.5475812 | C9: 67.254106 | D9: 68.801688

Sheet pivot_table_FRL
A3: Row Labels | B3: Average of Change_from_Assessment_Only_to_Traditional | C3: Average of Assessment_Only_Weighted_Score | D3: Average of Traditional_Weighted_Score
A4: No | B4: 2.1898676 | C4: 71.58299 | D4: 73.772858
A5: Yes | B5: 1.2998941 | C5: 65.584745 | D5: 66.884639
A6: Grand Total | B6: 1.5475812 | C6: 67.254106 | D6: 68.801688

Sheet pivot_table_gender
A3: Row Labels | B3: Average of Change_from_Assessment_Only_to_Traditional | C3: Average of Assessment_Only_Weighted_Score | D3: Average of Traditional_Weighted_Score
A4: Female | B4: 2.7707343 | C4: 67.052932 | D4: 69.823667
A5: Male | B5: 0.086389222 | C5: 67.494431 | D5: 67.58082
A6: Grand Total | B6: 1.5475812 | C6: 67.254106 | D6: 68.801688
